[
    {
      
      "name": "Countries",
      "Actual": "2",
      "Planned": 4
     
    },
    {
      
        "name": "Sites",
        "Actual": 7,
        "Planned": 8
      
    },
    {
      
        "name": "Subjects Screened",
        "Actual": 7,
        "Planned": 8
    },
    {
      
        "name": "--",
        "Actual": 7,
        "Planned": 8
    },
    {
       
        "name": "Samples Received",
      
        "Actual": 7,
        "Planned": 8
    },{
      
        "name": "--",
        
        "Actual": 7,
        "Planned": 8
    }
    ,{
       
        "name": "--",
        "Actual": 7,
        "Planned": 8
    }
    ,{
      
        "name": "--",
        "Actual": 7,
        "Planned": 8
    }
    

  ]