[
    {
      "id": 1,
      "name": "Elio",
      "Subject": "20001-002",
      "site":"20001",
      "Gender": "Female",
      "Age": "29years",
      "Last_Visit": "Screening Visit2",
      "Last_Visit_Date": "20-09-2023"
    },
    {
      "id": 2,
      "name": "Carlos",
      "Subject": "20001-008",
      "site":"20001",
      "Gender": "Female",
      "Age": "79years",
      "Last_Visit": "Retest",
      "Last_Visit_Date": "20-07-2022"
    },
    {
      "id": 3,
      "name": "Rafeel",
      "Subject": "20001-009",
      "site":"20001",
      "Gender": "Male",
      "Age": "60years",
      "Last_Visit": "Screening Visit1",
      "Last_Visit_Date": "2-08-2021"
    },
    {
      "id": 3,
      "name": "Efrain",
      "Subject": "20001-009",
      "site":"20001",
      "Gender": "Female",
      "Age": "40years",
      "Last_Visit": "Screening Visit5",
      "Last_Visit_Date": "26-10-2023"
    },
    {
      "id": 3,
      "name": "Axel",
      "Subject": "20001-029",
      "site":"20001",
      "Gender": "Female",
      "Age": "29years",
      "Last_Visit": "Retest",
      "Last_Visit_Date": "11-09-2022"
    },{
      "id": 3,
      "name": "Alberto",
      "Subject": "20001-009",
      "site":"20001",
      "Gender": "Female",
      "Age": "40years",
      "Last_Visit": "Screening Visit9",
      "Last_Visit_Date": "9-09-2022"
    }

  ]